Major1,R[h,ԍ,CR[h,n,^Cvԍ,ꎿԍ,ʐρiŚEhaj
10101,1,101,101,DC,1,2,1.5
10102,1,102,101,uʒnC,1,1,1.8
10103,1,103,101,uʉ͌암,1,1,9.6
10104,1,104,101,RPnC,1,1,7.8
10105,1,105,101,nC,1,1,5.8
10301,1,301,103,u͌,2,4,11
10302,1,302,103,y͌k,1,3,13
10303,1,303,103,y͌암,2,2,8
10304,1,304,103,t,1,2,44
10305,1,305,103,,1,2,6
10306,1,306,103,I\jN,1,2,8
10307,1,307,103,I\jN,1,2,5
10308,1,308,103,L^EXp,1,2,10
10309,1,309,103,L^EX[,1,2,8
10310,1,310,103,n_J,1,2,16
10311,1,311,103,gh,1,3,10
10312,1,312,103,_p,1,2,12
10313,1,313,103,gh,1,3,10
10314,1,314,103,{bR,1,4,3
10315,1,315,103,t[,1,2,16
10316,1,316,103,iJVxc,1,2,36
10317,1,317,103,E\mE,1,2,10
10318,1,318,103,V̓,1,2,8
10319,1,319,103,|,1,2,3
10320,1,320,103,LbyV,1,2,7
10321,1,321,103,ÒO,3,2,11
10322,1,322,103,̖,3,3,65
10323,1,323,103,n^V,3,2,7
10324,1,324,103,ÒO,3,3,150
10325,1,325,103,ÒOp,4,2,6
10326,1,326,103,tЊC,1,2,100
10327,1,327,103,~n,1,2,127
10328,1,328,103,,1,2,7
10329,1,329,103,,3,3,17
10330,1,330,103,@Γ,3,4,13
10331,1,331,103,2~͌,3,4,17
10332,1,332,103,tГp,3,3,130
10333,1,333,103,tГ,4,2,3
10334,1,334,103,AcVxc͌,2,4,16
10335,1,335,103,ВR[Ί,3,4,25
10336,1,336,103,n,2,2,47
10337,1,337,103,,3,4,36
10338,1,338,103,,3,4,26
10339,1,339,103,g[T|,2,3,2
10701,1,701,107,͌,2,2,6.7
10702,1,702,107,͌,2,2,1
10703,1,703,107,^͌,2,2,4.7
20001,2,1,301,,1,3,4.9
20002,2,2,301,,1,3,17.8
20003,2,3,301,,1,3,8.8
20004,2,4,301,,1,3,4.9
20005,2,5,301,,2,3,56.1
30001,3,1,304,l,2,2,9.8
30002,3,2,304,Ìy,2,2,2.3
30003,3,3,304,,1,2,2.7
30004,3,4,304,D},2,1   2,3.8
30005,3,5,304,Њ,2,1,2
40001,4,1,306,,2,3,3.5
40002,4,2,306,̊C,2,2,25.3
70001,7,1,307,Y,3,3,700
80001,8,1,308,܉YZpO,1,1,3
80002,8,2,308,V܎ROl,1,1,2
80003,8,3,308,Ol,1,2,21
80004,8,4,308,ɎtOl,1,2,8
80005,8,5,308,̖l,1,2,2
80006,8,6,308,Ll,1,1   2,2
80007,8,7,308,l,1,2,2
80008,8,8,308,{cl,1,2,4
80009,8,9,308,l,1,2,2
80010,8,10,308,͌ql,1,1   2,2
80011,8,11,308,ÖVnOl,1,1   2,6
80012,8,12,308,vOl,1,2,4
80013,8,13,308,Y,1,2,12
80014,8,14,308,C,1,1,30
80015,8,15,308,C,1,1,38
80016,8,16,308,aR,1,1,5
80017,8,17,308,W̉,1,1,14
80018,8,18,308,C,1,1,42
80019,8,19,308,ъC,1,2,7
80020,8,20,308,,1,2,18
80021,8,21,308,ꉺ,1,2,9
80022,8,22,308,ˉ,1,2,16
80023,8,23,308,|C,1,2,27
80024,8,24,308,l,1,2,25
80025,8,25,308,m,1,2,32
80026,8,26,308,r,1,2,38
80027,8,27,308,r,1,2,29
80028,8,28,308,,1,2,19
80029,8,29,308,,1,2,22
80030,8,30,308,l,1,2,6
80031,8,31,308,{cl,1,2,46
80032,8,32,308,ǑO,1,2,35
80033,8,33,308,A,1,2,19
80034,8,34,308,ɗl,1,2,20
80035,8,35,308,͌kl,2,2,1
80036,8,36,308,΋{͌,2,4,1
120001,12,1,501,IR͌,2,2,5.8
120002,12,2,501,c͌,2,2,7.5
120003,12,3,501,ЊLC,1,2,10.6
120004,12,4,501,^T͌,2,2,9.5
120005,12,5,501,lhC,1,2,59.5
120006,12,6,501,씒T͌,2,2,6.7
120007,12,7,501,{͌,2   3,2,15
120008,12,8,501,΋͌,3,4,8.1
120009,12,9,502,JÊ,1,4,36.9
120010,12,10,502,{V͌,2,4,7.6
120011,12,11,502,Ȃ̕l,5,3,9.6
120012,12,12,502,̕l,5,3,6.8
120013,12,13,502,̕l,5,3,16.6
120014,12,14,502,LnCl,5,3,9.2
120015,12,15,502,DCln,1,3,10.8
120016,12,16,502,t`n抱,1,3,16.6
120017,12,17,502,]ːH͌,2,4,8.6
120018,12,18,502,{,1,3,210.5
120019,12,19,502,{,1,3,345
120020,12,20,502,Ȍ˒n,1,3,493.8
120021,12,21,502,؍XÍ`k,1,3,358.4
120022,12,22,502,؍XÍ`,1,3,6.5
120023,12,23,502,xÍ`k,1,3,27.4
120024,12,24,502,xÌn,1,3,118.2
130001,13,1,502,B,4,3,16
140001,14,1,502,͌,2,3,15
140002,14,2,502,,1,2,20
140003,14,3,503,,1,2,5
140004,14,4,503,]ޘp,2,4,4
140005,14,5,503,,1,3,3
140006,14,6,503,ԑp,1,3,3
140007,14,7,503,cap,1,3,4
140008,14,8,503,͐͌,2,3,5
220001,22,1,506,l`,2,2,12
230001,23,1,508,z,1,1   3,14.1
230002,23,2,508,,1,1   3,49
230003,23,3,508,,1,3,26
230004,23,4,508,,2,3,18.1
230005,23,5,508,l,2,3,12.8
230006,23,6,508,Z,2,3,301.3
230007,23,7,508,R,1,4,42.1
230008,23,8,508,g,1,4,7.5
230009,23,9,508,L,1,4,74.2
230010,23,10,508,L,1,3,15.3
230011,23,11,508,g,1,4,28.1
230012,23,12,508,g,1,4,30
230013,23,13,508,g,1,4,13.5
230014,23,14,508,g,1,4,6.6
230015,23,15,508,|,1,1   3,13.8
230016,23,16,508,,1,3,24.4
230017,23,17,508,H,1,3,9.4
230018,23,18,508,l,2,3,19.2
230019,23,19,508,gc,2,3,32.9
230020,23,20,508,gc,2,3,60
230021,23,21,508,gc,2,3,33.8
230022,23,22,508,gc,2,3,8.1
230023,23,23,508,gc,2,3,39.7
230024,23,24,508,SԏB,2,3,60
230025,23,25,508,SԏB,2,2,70
230026,23,26,508,SԏB,2,2,37.2
230027,23,27,508,c,2,2,32.5
230028,23,28,508,M,1,3,10.2
230029,23,29,508,ɐ,1,1   3,24.4
230030,23,30,508,,1,2,115
230031,23,31,508,,1,1   2,8.8
230032,23,32,508,,1,1   2,44.7
230033,23,33,508,ΐ_,1,1   2,17.8
230034,23,34,508,,1,1,12.3
230035,23,35,508,R,1,1   2,17.5
230036,23,36,508,V؏F,1,1   2,23.1
230037,23,37,508,B,4,1   2,59.4
230038,23,38,508,ܗ,1,3,25.6
230039,23,39,508,F,1,3,25.6
230040,23,40,508,zy,1,3,11.6
230041,23,41,508,u,1,3,50
230042,23,42,507,,2,3,55.3
230043,23,43,507,V,2,3,39.7
230044,23,44,507,,2,3,22.9
230045,23,45,507,O,2,3,41.9
230046,23,46,507,͖,1,3,57.2
230047,23,47,507,J,1,2,216.6
230048,23,48,507,,1,3,71
230049,23,49,507,ᏼ,1,2,31.3
240001,24,1,507,lH,4,2,20
240002,24,2,507,쉫lH,4,2,20
240003,24,3,507,ِ͌,2,2,41.1
240004,24,4,507,͌,2,2,26.1
240005,24,5,507,鎭͌,2,2,18.4
240006,24,6,507,Z͌,2,2,6.3
240007,24,7,507,ǏF,2,2,18
240008,24,8,507,܎O,2,2,89.3
240009,24,9,507,On͌,2,2,89
240010,24,10,507,t,2,2,26.3
240011,24,11,507,YVcO,2,2,88.7
240012,24,12,507,k,2,2,74.4
240013,24,13,507,mY,1,2,16.4
240014,24,14,507,嗄`,1   2,2,10
240015,24,15,507,Oc͌,3,2,22
240016,24,16,507,{͌,2,2,108.5
240017,24,17,507,喩,2,2,57.1
240018,24,18,507,FO,2,2,53.4
240019,24,19,507,,2,2,21.8
240020,24,20,507,,1   2,2,21.5
240021,24,21,507,tJE,1,2,4.1
240022,24,22,507,r̉Y,1   2,2   3,7
240023,24,23,509,RE,2,3   4,1.6
240024,24,24,509,rc͌,2,2,6.4
240025,24,25,509,ɎGmYk,1,4,20.8
240026,24,26,509,{,2,4,3
240027,24,27,509,͌,2,3,2.4
240028,24,28,509,܃O,2,3,10.4
240029,24,29,509,ɐH͌,2,1   3,28.5
240030,24,30,509,͌,2,1   2,3.8
240031,24,31,509,{[,2,1   2,1.5
240032,24,32,509,͓[,2,2,2.8
240033,24,33,509,͓͌,2,1   2,4.7
240034,24,34,509,m͌,2,2,3.8
240035,24,35,509,Ð͌,2,2,5.1
270001,27,1,715,a͌,2,2,44.1
270002,27,2,715,Ð͌,2,2,11.5
270003,27,3,715,ߖؐ͌,2,4,1.8
270004,27,4,716,~͌,2,4,4.1
270005,27,5,716,j͌,2,3,5.2
270006,27,6,716,Ol,1,2,6.4
270007,27,7,716,Ol,1,2,2.3
300001,30,1,509,nl,1,3,4
300002,30,2,509,,1,2,3
300003,30,3,509,Y,1,1,3
300004,30,4,718,Вjg,3,4,35
300005,30,5,718,l,1,2,12
300006,30,6,718,p,1,2,10
300007,30,7,601,`,3,4,20
300008,30,8,601,VY,3,4,7
310001,31,1,403,ؗ,1,1,3
310002,31,2,403,^q,1,1,3
310003,31,3,403,,1,1,3
310004,31,4,403,䗈,1,1,2
310005,31,5,403,F,4,3,30
330001,33,1,713,^@,1,4,29
330002,33,2,713,ؐp,1,4,31
330003,33,3,713,vXp,1,3,17
330004,33,4,712,p,1,4,18
330005,33,5,712,p,1,4,7
330006,33,6,712,璹l,2,3,9
330007,33,7,712,g͌,2,2,11
330008,33,8,712,s,1,4,4
330009,33,9,712,,1,4,7
330010,33,10,712,,1,4,7
330011,33,11,712,,1,3,6
330012,33,12,712,g,1,2,4
330013,33,13,712,,1,2,2
330014,33,14,712,V哇,1,3,10
330015,33,15,712,,1,4,12
330016,33,16,712,,1,4,4
330017,33,17,712,,1,4,46
330018,33,18,712,,1,3,13
330019,33,19,711,B,1,2,14
330020,33,20,711,̒n,1,4,12
330021,33,21,711,É,1,3,7
330022,33,22,711,ߐVc,2,4,25
330023,33,23,711,ߐVc,2,3,2
330024,33,24,711,艫,2,3,53
330025,33,25,711,,2,4,20
330026,33,26,711,E,1,3,21
330027,33,27,711,q,1,4,5
330028,33,28,711,,1,4,8
330029,33,29,709,a,1,4,10
330030,33,30,709,qaB,1,4,11
330031,33,31,709,aB,1,4,6
330032,33,32,709,,1,4,5
330033,33,33,709,,1,4,130
340001,34,1,709,F,1,2,1
340002,34,2,709,F,1,2,1
340003,34,3,709,(D),1,2,1
340004,34,4,709,(M{V),1,1   2,7
340005,34,5,709,c,2,3,14
340006,34,6,709,c,2,3,13
340007,34,7,709,c(~),2,3,4
340008,34,8,709,c(~),2,3,48
340009,34,9,709,c,2,4,12
340010,34,10,709,cK(),1,1   2,3
340011,34,11,709,cK(_),1,1   2,3
340012,34,12,709,cK,1,1   2,2
340013,34,13,709,ە,1,1   2,2
340014,34,14,709,l,1,1   2,1
340015,34,15,709,l,1,1   2,1
340016,34,16,709,e,1,1   2,1
340017,34,17,709,n,1,1   2,4
340018,34,18,709,Y,1,3,7
340019,34,19,709,pr,1,1   2,1
340020,34,20,709,K,4,1,3
340021,34,21,709,J,1,1   2,2
340022,34,22,709,V,1,1   2,2
340023,34,23,709,Y,1,1   2,6
340024,34,24,709,,1,1   2,3
340025,34,25,709,n@,1,1   2,3
340026,34,26,709,V,1,1   2,9
340027,34,27,709,l,1,1   2,3
340028,34,28,709,R,1,2,8
340029,34,29,709,](),1,3,2
340030,34,30,709,](rl),1,3,4
340031,34,31,709,](쒹),2,4,18
340032,34,32,709,(g),2,4,20
340033,34,33,709,],2,4,8
340034,34,34,709,,2,4,8
340035,34,35,709,i,2,4,5
340036,34,36,709,i,2,4,6
340037,34,37,709,쏼i,2,4,3
340038,34,38,709,,2,4,21
340039,34,39,709,,2,4,20
340040,34,40,709,i,1,2,3
340041,34,41,709,,1,2,10
340042,34,42,709,S,1,1   2,2
340043,34,43,709,Е,1,2,5
340044,34,44,709,Vc,1,4,5
340045,34,45,709,Vc,1,2,7
340046,34,46,709,VU,1,3,7
340047,34,47,709,,1,2,3
340048,34,48,709,C,1,2,10
340049,34,49,709,c,1,2,6
340050,34,50,709,,1,4,7
340051,34,51,709,C,1,3,2
340052,34,52,709,,1,3,5
340053,34,53,709,˒ˁEːK,1,2,4
340054,34,54,709,,1,2,3
340055,34,55,709,vw,1,3,3
340056,34,56,709,˒ˁEːK,1,1   4,9
340057,34,57,709,CV,1,2,5
340058,34,58,709,,1,3,98
340059,34,59,709,Y,1,2,3
340060,34,60,709,,1,2,2
340061,34,61,709,,1,2,14
340062,34,62,709,,1,2,1
340063,34,63,709,,1,4,4
340064,34,64,709,,1,1,4
340065,34,65,709,,1,4,1
340066,34,66,709,,1,1,2
340067,34,67,709,,1,2,1
340068,34,68,709,,1,1   2,2
340069,34,69,709,,1,4,1
340070,34,70,709,l,1,2,1
340071,34,71,709,,1,3,4
340072,34,72,709,,1,3,5
340073,34,73,709,,1,4,1
340074,34,74,709,,1,3,4
340075,34,75,709,,1,2,2
340076,34,76,709,,1,3,8
340077,34,77,709,,1,3,2
340078,34,78,709,,1,2,2
340079,34,79,709,ד,1,3,3
340080,34,80,709,,1,2,3
340081,34,81,709,,1,3,3
340082,34,82,709,א,1,2,18
340083,34,83,709,,1,2,1
340084,34,84,709,,1,3,5
340085,34,85,709,,1,2,2
340086,34,86,709,,1,3,6
340087,34,87,709,,1,3,1
340088,34,88,709,,1,3,1
340089,34,89,709,,1,2,1
340090,34,90,709,˓c,1,2,6
340091,34,91,709,,1,2,3
340092,34,92,709,,1,2,2
340093,34,93,709,,1,3,2
340094,34,94,709,,1,4,2
340095,34,95,709,,1,4,1
340096,34,96,709,,1,2,1
340097,34,97,709,c,2,2,1
340098,34,98,709,,1,2,2
340099,34,99,709,,1,2,2
340100,34,100,709,,1,2,1
340101,34,101,709,c,2,4,2
340102,34,102,709,c,2,4,1
340103,34,103,709,K,1,1,1
340104,34,104,709,K,1,1,5
340105,34,105,709,L,1,2,4
340106,34,106,709,K,1,1,2
340107,34,107,708,쓇,1,2,1
340108,34,108,708,쓇,1,2,1
340109,34,109,708,쓇,1,2,2
340110,34,110,708,I,1,2,1
340111,34,111,708,n`,2,2,10
340112,34,112,708,n`,2,2,5
340113,34,113,708,@z,1,2,2
340114,34,114,708,],1,2,5
340115,34,115,708,Ol,1,2,3
340116,34,116,708,{],1,3,5
340117,34,117,708,h,1,2,1
340118,34,118,708,V{,1,3,5
340119,34,119,708,,1,2,1
340120,34,120,708,VY,1,2,7
340121,34,121,708,唑,1,2,2
340122,34,122,708,J,1,2,1
340123,34,123,708,vc,1,2,3
340124,34,124,708,,1,2,3
340125,34,125,708,Y,1,2,21
340126,34,126,708,ˑ,1,2,5
340127,34,127,708,OV,1,2,1
340128,34,128,708,㍕,1,1,2
340129,34,129,708,Kz,1,2,1
340130,34,130,708,L,2,2,47
340131,34,131,708,Y,1,1   2,1
340132,34,132,708,g,1,2,1
340133,34,133,708,g,1,2,5
340134,34,134,708,E,1,2,2
340135,34,135,708,q,1,1   2,5
340136,34,136,708,唗,1,2,2
340137,34,137,708,e,1,2,3
340138,34,138,708,Dl,1,2,1
340139,34,139,708,q,1,1   2,6
340140,34,140,708,Dl,1,2,2
340141,34,141,708,Vn,1,2,1
340142,34,142,708,Cz,1,2,2
340143,34,143,708,Cz,1,2,1
340144,34,144,708,ܓ,1,2,2
340145,34,145,708,ec,1,2,6
340146,34,146,708,J,1,2,9
340147,34,147,708,ږ,1,2,2
340148,34,148,708,],1,2,3
340149,34,149,708,{({VY),1,2,3
340150,34,150,708,,1,1,2
340151,34,151,708,PY@,1,2,1
340152,34,152,708,h,1,1   2,8
340153,34,153,708,؋,1,2,7
340154,34,154,708,Ëv,1,2,4
340155,34,155,707,n,1,2,4
340156,34,156,707,Oؐ,1,2,6
340157,34,157,707,_@,1,3,4
340158,34,158,707,,1,3,1
340159,34,159,707,,1,2,2
340160,34,160,707,OC,1,3,2
340161,34,161,707,]h,1,3,3
340162,34,162,707,匴p,1,2,3
340163,34,163,707,剤,1,2,2
340164,34,164,707,,1,2,17
340165,34,165,707,,1,2,6
340166,34,166,707,K,1,2,29
340167,34,167,707,nO,1,2,5
340168,34,168,707,ԕl,1,2,7
340169,34,169,707,ω,1,2,6
340170,34,170,707,l,2,2,11
340171,34,171,707,~,1,2,2
340172,34,172,707,~,1,2,2
340173,34,173,707,Еl,1,3,3
340174,34,174,707,ې,1,2,1
340175,34,175,707,ې,1,2,2
340176,34,176,707,咹,1,2,11
340177,34,177,707,X,1,2,9
340178,34,178,707,䏰Y,1,2,7
340179,34,179,707,䏰Y,1,2,17
340180,34,180,707,RY,1,2,4
340181,34,181,707,䏰Y,1,2,5
340182,34,182,707,{Y,1,2,6
340183,34,183,707,Y,1,2,4
340184,34,184,707,{Y,1,2,3
340185,34,185,707,,1,3,3
340186,34,186,707,g,1,2,3
340187,34,187,709,S(),1,5,1
340188,34,188,709,S(CV),1,5,4
340189,34,189,709,(),1,5,4
340190,34,190,709,(),1,5,2
340191,34,191,709,(]mY),1,5,1
340192,34,192,709,(l),1,5,2
340193,34,193,709,(),1,5,2
340194,34,194,709,(),1,5,2
340195,34,195,709,K,1,5,1
340196,34,196,707,q(Fa),1,5,2
340197,34,197,707,(剩),1,5,3
340198,34,198,707,]c(匴),1,5,1
340199,34,199,707,c`,1,5,2
340200,34,200,707,c`,1,5,6
340201,34,201,707,c`,1,5,2
340202,34,202,707,\(ː),1,5,2
340203,34,203,707,\(VO),1,5,3
340204,34,204,707,单_,1,5,2
340205,34,205,707,{(Ă̖؉Y),1,5,1
350001,35,1,707,Ð͌(),2,2,4
350002,35,2,707,Ð͌ij,2,2,33
350003,35,3,707,Ð͌iE݁j,2,2,35
350004,35,4,707,⍑n[,1,3,2
350005,35,5,707,ǐ,1,2,5
350006,35,6,707,Ǔ,1,2,3
350007,35,7,707,͌,2,3,24
350008,35,8,707,O͌(),2,2,8
350009,35,9,707,O͌(),2,3,29
350010,35,10,707,O͌(),2,3,5
350011,35,11,707,O͌(E),2,3,7
350012,35,12,707,maёO,2,4,4
350013,35,13,707,,1,4,2
350014,35,14,707,򊃊C݁`ʒÔY,1,1   2,39
350015,35,15,707,ʒ,1,1   2,7
350016,35,16,707,RF͌,2,3,11
350017,35,17,707,L,1,1   2,10
350018,35,18,706,J,1,2,20
350019,35,19,706,lij,1,2,4
350020,35,20,702,z,2,4,8
350021,35,21,702,c͌,2,2,13
350022,35,22,702,Vc,2,3,11
350023,35,23,702,,2,3,2
350024,35,24,702,Ö,1,4,3
350025,35,25,702,lYJ,1,3,4
350026,35,26,702,xC,1,2,10
350027,35,27,702,z,1,4,15
350028,35,28,702,,1,3,6
350029,35,29,702,,1,3,11
350030,35,30,702,}c_`Y,1,2,107
350031,35,31,702,gK,2,2,10
350032,35,32,702,哹,2,3,104
350033,35,33,702,CV_,1,3,30
350034,35,34,702,kl,1,3,39
350035,35,35,702,l,1,3,3
350036,35,36,701,,1,3,43
350037,35,37,701,C͔|ƃZ^[O,1,3,7
350038,35,38,701,R`O,1,1   2,11
350039,35,39,701,lZl,1   2,2   3,115
350040,35,40,701,Rp슃,2,3,94
350041,35,41,701,RpKg,2,3,47
350042,35,42,701,,2,3,34
350043,35,43,701,Ð([a),2,4,7
350044,35,44,701,Vn,2,4,109
350045,35,45,701,k,2,2   3,45
350046,35,46,701,,2,2   3,46
350047,35,47,702,p,1,2,40
350048,35,48,701,Kp,1,2,12
350049,35,49,701,≮,1,2,12
350050,35,50,701,mR,1   2,2,57
350051,35,51,701,g,1,2,104
350052,35,52,701,g(y),1,1   3,15
350053,35,53,701,,1,3,54
350054,35,54,701,HR,2,3   4,57
350055,35,55,701,Õzc,1,1   2   3,35
350056,35,56,701,(s),1,1   2   3,114
350057,35,57,701,,1,2   3,69
350058,35,58,701,슱,2,2   3,68
350059,35,59,701,,2,2   3,475
350060,35,60,701,i,2,2   3,218
350061,35,61,701,ː,1,3,21
350062,35,62,701,LK,2,4,13
350063,35,63,701,,2,3   4,105
350064,35,64,701,`,2,3   4,116
350065,35,65,801,ɏ,1,2,14.2
350066,35,66,801,ɏ,1,2,19.4
360001,36,1,717,,,3,
360002,36,2,717,,,2,
360003,36,3,717,,,3,
360004,36,4,717,,,3,
360005,36,5,717,,,2,
360006,36,6,717,,,3,
360007,36,7,717,,,2,
360008,36,8,717,,,3,
360009,36,9,717,,,2,
360010,36,10,717,,,3,
360011,36,11,602,,,2,
370001,37,1,710,]؍,1,2,8.2
370002,37,2,710,Y,1,2,54.2
370003,37,3,710,OLn,1,2,102.4
370004,37,4,710,c,2,2,17.5
370005,37,5,710,Ll,1,2,50.6
370006,37,6,710,],1,2,41.6
370007,37,7,710,,1,2,8.8
370008,37,8,710,mz,1,2,6.3
370009,37,9,710,,1,2,5
370010,37,10,710,쑐,1,2,34
370011,37,11,710,mc,1,2,33.4
370012,37,12,711,ˍ,1,2,3.7
370013,37,13,711,Ó,1,2,21.4
370014,37,14,711,,1,2,22.4
370015,37,15,711,T},1,1,1.9
370016,37,16,711,Cݎ,1,3,20.8
370017,37,17,711,{Y,1,2,12.6
370018,37,18,711,q,2,1,13.2
370019,37,19,711,H,1,3,5
370020,37,20,711,y,2,4,55.5
370021,37,21,711,l,1,3,8.2
370022,37,22,711,呩,2,3,9.5
370023,37,23,711,,2,3,23.2
370024,37,24,711,,1,2,6.3
370025,37,25,711,蓇,1,1,5
370026,37,26,711,]mY,1,2,8.2
370027,37,27,711,̏B,5iBj,3,51.7
370028,37,28,711,Y,1,2,8.8
370029,37,29,711,i}́jmB,5iBj,2,7.6
370030,37,30,711,ѓc,1,3,15.8
370031,37,31,711,剮xk,1,2,5
370032,37,32,712,ؑ,1,3,4.4
370033,37,33,712,T,1,3,17
370034,37,34,712,,1,3,8.8
370035,37,35,712,Ɠ,1,3,6.3
370036,37,36,712,Ǔ,1,2,1.9
370037,37,37,714,,2,1,10.7
370038,37,38,714,],1,2,5
370039,37,39,712,{Ð,2,3,14.5
370040,37,40,712,,2,3,13.9
370041,37,41,712,t,2,3,75.6
370042,37,42,712,,2,2,10.7
370043,37,43,712,,1,4,5
370044,37,44,712,,2,2,8.8
370045,37,45,712,J,1,2,5.7
370046,37,46,712,],1,2,7.6
370047,37,47,712,,1,2,1.6
370048,37,48,712,,1,1,2.2
370049,37,49,712,k,1,1,1.3
370050,37,50,712,,1,2,4.4
370051,37,51,712,l,1,2,11.3
370052,37,52,712,,1,2,4.6
370053,37,53,712,kY,1,2,7.6
370054,37,54,713,gc,2,2,3.8
380001,38,1,710,,2,2,6.3
380002,38,2,710,֐͌,2,2,73.1
380003,38,3,710,͌,2,3,10.1
380004,38,4,710,̐͌,2,3,18.3
380005,38,5,709,,1,3,4
380006,38,6,709,,1,2,3.2
380007,38,7,709,],1,2,5.1
380008,38,8,709,ԐΓ,1,3,4.6
380009,38,9,709,,1,3,2
380010,38,10,710,ΐ͌,2,3,381.4
380011,38,11,709,Dz,1,3,13
380012,38,12,709,kY,1,3,8.5
380013,38,13,709,\n,1,2,6.6
380014,38,14,709,F,1,2,4.7
380015,38,15,709,Ï铇,1,2,11.3
380016,38,16,709,{,1,2,10.1
380017,38,17,710,ړc͌ql,2,2,15
380018,38,18,710,͌,1,2,23.3
380019,38,19,710,VcV͌,2,3,86.7
380020,38,20,709,F,1,3,2.5
380021,38,21,708,{͌,2,2,6
380022,38,22,708,V],2,3,4.1
380023,38,23,708,Y,2,3,7.1
380024,38,24,708,Vc,1,3,4.4
380025,38,25,708,kl,2,2,2.6
380026,38,26,708,͌l,2,2,9.9
380027,38,27,708,,2,2,6.8
380028,38,28,708,l,2,2,7.3
380029,38,29,708,,1,3,1.1
380030,38,30,708,t,2,2,3
380031,38,31,708,x],2,3,3.8
380032,38,32,706,h,1,3,2.7
380033,38,33,706,dM͌_,2,2,41.6
380034,38,34,706,L͌l,2,2,4.8
380035,38,35,705,⏼͌,2,3,29.1
380036,38,36,603,ms͌,2,3,2.9
390001,39,1,603,l,1,2,6
390002,39,2,603,Y̓p,1,3,14.5
390003,39,3,603,Ái̕lj,2,2,2
390005,39,5,603,c͌,2,1   2   3,34
390006,39,6,603,,2,1   2,10
390007,39,7,603,},2,1   3,18
400001,40,1,701,gx,1,2,178.9
400002,40,2,701,F,1,2,161.2
400003,40,3,701,]E,1,2,169.6
400004,40,4,701,œc,1,1,74.2
400005,40,5,701,,1,1,56.2
400006,40,6,701,,1,2,117.5
400007,40,7,701,,1   2,2,208.8
400008,40,8,701,,1,2,157.5
400009,40,9,701,Vl,2,4,5.9
400010,40,10,701,],1,2,499.2
400011,40,11,701,,1,2,13.8
400012,40,12,701,,1,2,30.2
400013,40,13,701,ۓc,1,3,9.1
400014,40,14,701,쑽v,1,2,1.3
400015,40,15,701,,1,1   2,23.9
400016,40,16,701,l,1,2,4.8
400017,40,17,801,n,2,3,44.5
400018,40,18,802,̑,1,3,8.2
400019,40,19,802,a,1   2,2   3,81.1
400020,40,20,802,,1,1   3,24.2
400021,40,21,802,Xǐ,2,4,30.6
400022,40,22,802,,2,1   2   3   4,9.1
400023,40,23,802,,2,2   3   4,102.7
400024,40,24,803,V,2,2,19.8
400025,40,25,803,z,2,2   3,67.4
400026,40,26,807,Jn,2,4,218
400027,40,27,807,{Jn,1,3,856.6
400028,40,28,807,an,1,3   4,697.9
400029,40,29,807,Orn,1,4,369.8
400030,40,30,807,zK͌,2,4,48
400031,40,31,807,OrC,1,2,33.9
410001,41,1,803,,1,3,142.9
410002,41,2,803,쓌,2,3,4.1
410003,41,3,803,X,1,3,76.1
410004,41,4,803,Y,1,1   2,13.4
410005,41,5,803,Y,1,1   2,10.8
410006,41,6,803,c,1,1,2.9
410007,41,7,803,c,1,1,1
410008,41,8,803,c,1,1,3
410009,41,9,803,c,1,1,1.5
410010,41,10,803,,1,1,1.9
410011,41,11,803,,1,1,1.2
410012,41,12,803,n,1,3,2.6
410013,41,13,803,,1,3,1.6
410014,41,14,803,,1,1,5.1
410015,41,15,803,Y,1,4,1.1
410016,41,16,803,Y,1,4,11
410017,41,17,803,z,1,4,5.3
410018,41,18,803,쌳,1,4,1.1
410019,41,19,803,,1,2,1.5
410020,41,20,803,,1,1,1.4
410021,41,21,803,F,1,2,2.2
410022,41,22,803,F,1,1,11.1
410023,41,23,803,u@,1,2,10.9
410024,41,24,803,_W,1,2,12.5
410025,41,25,803,,1,1,10.8
410026,41,26,803,,1,2,3.4
410027,41,27,803,Y,1,2,57.7
410028,41,28,803,l,2,2,4.2
410029,41,29,807,l,2,4,610.4
410030,41,30,807,l,2,4,383.2
410031,41,31,807,l,2,4,256
410032,41,32,807,l,2,4,57.1
410033,41,33,807,l,2,4,141.9
410034,41,34,807,l,2,4,290.8
410035,41,35,807,l,2,4,311.3
410036,41,36,807,l,1,4,424
410037,41,37,807,,2,4,1026.5
410038,41,38,807,앛,1,4,1147.5
410039,41,39,807,vۓc,1,4,255.6
410040,41,40,807,Н,2,4,12.1
410041,41,41,807,L,1,4,1512.8
410042,41,42,807,L,1,4,260.1
410043,41,43,807,,2,4,17.6
410044,41,44,807,O,1,4,72.2
410045,41,45,807,dm,2,4,3
410046,41,46,807,l,1,4,328
410047,41,47,807,O,2,4,380.5
410048,41,48,807,Y,1,4,1378.6
410049,41,49,807,,1,4,106.5
410050,41,50,807,,1,4,139.8
410051,41,51,807,Y,1,4,19.5
410052,41,52,807,z,1,4,16.4
410053,41,53,807,|,2,4,24.5
410054,41,54,807,c,2,4,7.7
420001,42,1,807,l,1,4,25.6
420002,42,2,807,쓌,1,1   4,51.9
420003,42,3,807,`匴`؁`O,1,4,212.3
420004,42,4,807,茴`,1,4,83.7
420005,42,5,807,\㓇1,1,1   3,18.1
420006,42,6,807,\㓇2,1,1   3,5.4
420007,42,7,807,\㓇3,1,1   3,3.1
420008,42,8,807,\㓇4,1,1   3,1.2
420009,42,9,807,ԓ,1,1   3,1.8
420010,42,10,807,D,2,1   3,8.7
420011,42,11,807,lm`D,1   2,4,49.1
420012,42,12,807,{m,1   2,4,5.6
420013,42,13,807,,1   2,4,49.3
420014,42,14,807,c,1   2,4,62
420015,42,15,807,rc,1   2,4,20.4
420016,42,16,807,얼,1   2,4,42.2
420017,42,17,807,{l,1   2,4,18.7
420018,42,18,807,{1,2,4,8.7
420019,42,19,807,{2,2,4,0.8
420020,42,20,807,VY,2,4,39.1
420021,42,21,807,c,2,4,35.2
420022,42,22,807,Yc,2,4,39.7
420023,42,23,807,,2,4,10.4
420024,42,24,807,,2,4,13.1
420025,42,25,807,,2,4,30
420026,42,26,807,1,2,4,4.9
420027,42,27,807,2,2,4,9.3
420028,42,28,807,۔`,2,4,78.3
420029,42,29,807,,2,4,49.3
420030,42,30,807,,2,4,52.2
420031,42,31,807,1,2,4,53.5
420032,42,32,807,2,2,4,1.2
420033,42,33,807,3,2,4,0.6
420034,42,34,807,D1,2,4,10.8
420035,42,35,807,D2,2,4,86.2
420036,42,36,807,1,2,4,61.3
420037,42,37,807,2,2,4,43.3
420038,42,38,807,l,2,4,70
420039,42,39,807,Vn,2,4,865.6
420040,42,40,807,񔽓c,2,4,49.8
420041,42,41,804,a,2,4,5.6
420042,42,42,804,ԓ1,2,4,3.5
420043,42,43,804,ԓ2,2,4,1.2
420044,42,44,807,哇1,2,4,14.2
420045,42,45,807,哇2,2,4,7.7
420046,42,46,807,哇3,2,4,17.5
420047,42,47,807,1,2,4,8.8
420048,42,48,807,2,2,4,7.1
420049,42,49,807,3,2,4,17.1
420050,42,50,807,4,2,4,8.5
420051,42,51,807,c,2,4,22.7
420052,42,52,807,㍂c,2,4,30.8
420053,42,53,807,c1,2,4,7.3
420054,42,54,807,c2,2,4,4.2
420055,42,55,807,Ɍ,2,4,25.6
420056,42,56,806,c1,1,1,1.7
420057,42,57,806,c2,1,1,1.3
420058,42,58,806,c3,1,1,2.1
420059,42,59,806,쉺,1,1,5.8
420060,42,60,806,1,1,1,2.1
420061,42,61,806,2,1,1,1.9
420062,42,62,806,3,2,4,1.9
420063,42,63,806,O,1,1   4,50.2
420064,42,64,806,1,1,1   4,8.3
420065,42,65,806,2,1,1   4,5.4
420066,42,66,806,,2,4,5.4
420067,42,67,806,,1,1   4,7.7
420068,42,68,806,,1,2,31
420069,42,69,806,c,1,2,2.7
420070,42,70,806,ؒ,1,2,1
420071,42,71,806,k,1,2,8.5
420072,42,72,806,΍l,1,1   4,0.6
420073,42,73,806,؎w,1,2,7.3
420074,42,74,806,ؐ,1,2,9.6
420075,42,75,806,Sr,2,4,8.7
420076,42,76,806,,1,1   4,7.9
420077,42,77,806,؏,1,4,7.1
420078,42,78,806,cm1,2,4,1.9
420079,42,79,806,cm2,1,4,0.6
420080,42,80,806,cm3,1,1   4,4.2
420081,42,81,806,m,1,3,4.8
420082,42,82,806,˃mR1,1,1   2   3,2.7
420083,42,83,806,˃mR2,1,1   2,9.2
420084,42,84,806,Ôg`cl,1,2,43.3
420085,42,85,806,˒1,2,4,1.2
420086,42,86,806,˒2,2,4,4.2
420087,42,87,806,,1,2,2.1
420088,42,88,806,i,1,2,1.3
420089,42,89,806,lcn,1,2,2.9
420090,42,90,807,唑,1,2,1.9
420091,42,91,807,h1,2,4,1.5
420092,42,92,807,h2,2,4,2.1
420093,42,93,807,h3,2,4,2.1
420094,42,94,807,`1,2,4,1.5
420095,42,95,807,`2,2,4,1
420096,42,96,807,Ҋc,2,4,29.2
420097,42,97,807,蒬,2,4,11
420098,42,98,807,]1,2,4,22.7
420099,42,99,807,]2,2,4,3.5
420100,42,100,803,,1,1   2,11.2
420101,42,101,803,J,1,2,4.2
420102,42,102,803,y,1,2,4.5
420103,42,103,803,lme,1,2,2.2
420104,42,104,803,l,1,3,3.5
420105,42,105,804,,1,1,0
420106,42,106,804,уmY,1,2,0.6
420107,42,107,804,}@,1,2,3.3
420108,42,108,804,vmY1,1,2,0.7
420109,42,109,804,vmY2,1,2,0.9
420110,42,110,804,vmY3,1,2,4.1
420111,42,111,804,vmY4,1,2,1.9
420112,42,112,804,,1,2,3.1
420113,42,113,804,mY1,1,2,4.4
420114,42,114,804,mY2,1,2,3.5
420115,42,115,804,1,1,2,1.1
420116,42,116,804,2,1,2,3.1
420117,42,117,804,ٓV,1,2,2.7
420118,42,118,804,]㒬,1,2,1.2
420119,42,119,804,jM,1,2,1
420120,42,120,804,cm1,1,2,0.3
420121,42,121,804,cm2,1,2,0.4
420122,42,122,804,×,1,2,3.1
420123,42,123,804,,1,2,6
420124,42,124,804,,2,4,6.5
420125,42,125,804,{,2,4,3.3
420126,42,126,804,򐣌1,2,4,8.3
420127,42,127,804,򐣌2,2,4,11.9
420128,42,128,804,茴1,2,4,3.1
420129,42,129,804,茴2,2,4,0
420130,42,130,804,XY1,2,5,0
420131,42,131,804,XY2,2,5,0
420132,42,132,804,͂̂1,2,2,0.6
420133,42,133,804,͂̂2,2,2,2.7
420134,42,134,804,,1   2,4,4.6
420135,42,135,804,@,1,2,4.6
420136,42,136,804,ˎڕ@1,1,2,4.6
420137,42,137,804,ˎڕ@2,1,2,2.7
420138,42,138,804,,1,2,8.1
420139,42,139,804,[Y1,1,2,2.7
420140,42,140,804,[Y2,1,2,1.3
420141,42,141,804,Y1,1,2,0.5
420142,42,142,804,Y2,1,2,1.7
420143,42,143,804,Y4,1,2,5.4
420144,42,144,804,Y5,1,2,3.3
420145,42,145,804,˃m,1,2,3.8
420146,42,146,804,ډY,1,2,6
420147,42,147,804,蔼,1,2,0.8
420148,42,148,804,Oz`,1,2,5.2
420149,42,149,804,Г1,1,2,0.6
420150,42,150,804,Г2,1,2,0.7
420151,42,151,804,Oz,1,2,3.5
420152,42,152,804,S1,2,4,5
420153,42,153,804,S2,2,4,2.7
420154,42,154,804,약,1,4,1.1
420155,42,155,804,ދnh,2,4,4
420156,42,156,804,,2,4,1
420157,42,157,804,TY,1,2,0.6
420158,42,158,804,͓,2,2,1.1
420159,42,159,804,q,1,2,0.8
420160,42,160,804,1,1,4,3.1
420161,42,161,804,2,1,4,0.8
420162,42,162,804,Y1,1,4,1.7
420163,42,163,804,Y2,2,4,0.8
420164,42,164,804,,2,4,3.8
420165,42,165,804,l,1,2,2.7
420166,42,166,804,M1,2,2,0.8
420167,42,167,804,M2,1,5,0
420168,42,168,804,,1,4,3.1
420169,42,169,804,c,2,4,2.3
420170,42,170,804,Ë,1,1,3.1
420171,42,171,804,R,1,1,13.1
420172,42,172,804,_,1,1,5
420173,42,173,804,OM,2,3,1.7
420174,42,174,804,,1,1,3.5
420175,42,175,804,^,2,4,5.3
420176,42,176,804,j苽1,1,1,0.6
420177,42,177,804,j苽2,1,2,0.8
420178,42,178,804,j苽3,1,2,1
420179,42,179,804,j苽4,1,1,0.8
420180,42,180,804,ԑ,1,1,1.7
420181,42,181,805,Od,1,5,0
420182,42,182,805,c̎qY,1,5,0
420183,42,183,805,Ԑ,1,2,4.2
420184,42,184,805,蒬,1,2,1.5
420185,42,185,805,쒬,2,4,1.9
420186,42,186,805,,2,4,1.7
420187,42,187,805,F3,1,2,3.1
420188,42,188,805,`1,1,2,2.9
420189,42,189,805,],1,2,2.1
420190,42,190,805,c,1,1,1
420191,42,191,805,ԏ̘e,1,1,0.8
420192,42,192,805,_m,1,2,0.6
420193,42,193,805,g,1,2,3.5
420194,42,194,805,m,1,5,0
420195,42,195,805,n1,1,2,1.5
420196,42,196,805,n2,1,2,1.7
420197,42,197,805,n3,1,2,0.6
420198,42,198,805,Cm,1,2,0.8
420199,42,199,805,ImY,1,2,0.6
420200,42,200,805,m,1,4,0.3
420201,42,201,805,싍,1,2,2.5
420202,42,202,806,]1,2,4,1.2
420203,42,203,806,]2,2,4,3.3
420204,42,204,806,щ,1,5,0
420205,42,205,806,ːΒ,3,3,1
420206,42,206,806,r1,1,2,0.4
420207,42,207,806,r2,1,2,1.8
420208,42,208,806,t,1,2,11.9
420209,42,209,806,q1,1,2,0.7
420210,42,210,806,q2,1,1   2,6
420211,42,211,806,q3,1,2,0.8
420212,42,212,806,q4,1,2,5.8
420213,42,213,806,q5,1,2,5.6
420214,42,214,806,,1,2,0.6
420215,42,215,806,c,1,1   2,4
420216,42,216,806,эmY1,2,4,5
420217,42,217,806,эmY2,1,4,1
420218,42,218,806,kY1,1,2,2.7
420219,42,219,806,kY2,1,1,0.5
420220,42,220,806,kY3,1,1,0.3
420221,42,221,806,嗧,1,2,2.7
420222,42,222,806,{1,1,2,0.6
420223,42,223,806,{2,2,2,1.5
420224,42,224,806,{3,2,2,4.4
420225,42,225,805,1,1,2,0.3
420226,42,226,805,2,1,2,3.8
420227,42,227,805,쓇,1,2,0.6
420228,42,228,805,HtRC1,1,2,2.7
420229,42,229,805,HtRC2,1,2,0.2
420230,42,230,805,HtRC3,1,2,1.5
420231,42,231,805,xH1,1,2,1
420232,42,232,805,xH2,1,2,1
420233,42,233,805,Ԋ|,1,2,3
420234,42,234,805,X1,1,2,2.1
420235,42,235,805,X2,1,2,1.5
420236,42,236,805,lY,1,2,4.8
420237,42,237,805,×,1,2,1
420238,42,238,805,z,1,2,3.8
420239,42,239,805   806,1,1,2,5.2
420240,42,240,806,2,1,2,9.2
420241,42,241,806,,1,2,8.8
420242,42,242,806,,1,2,1.2
420243,42,243,806,A,1,2,1.3
420244,42,244,806,Al,1,2,0.5
420245,42,245,806,A,1,2,0.6
420246,42,246,806,,1,2,3.3
420247,42,247,806,MѐA1,1,2,2.3
420248,42,248,806,MѐA2,1,2,3.1
420249,42,249,806,MѐA3,1,2,1.5
420250,42,250,806,吣@,1,2,2.3
420251,42,251,806,{,1,1,3.3
420252,42,252,806,쌴,1,1,3.3
420253,42,253,806,c,1,2,0.6
420254,42,254,806,cx,1,2,0.7
420255,42,255,806,X1,1,2,2.4
420256,42,256,806,X2,1,2,1.7
420257,42,257,803,C̓,1,2,4.6
420258,42,258,803,G,1,2,18.9
420259,42,259,803,{̔1,1,1,6.3
420260,42,260,803,{̔2,1,2,3.3
420261,42,261,803,{̔3,1,2,2.3
420262,42,262,803,菔ÐG,1,5,0
420263,42,263,803,1,1,1,1.6
420264,42,264,803,2,1,1,0.5
420265,42,265,803,Y,1,2,3.3
420266,42,266,803,O,1,2,3.5
420267,42,267,803,gG1,1,2,1.7
420268,42,268,803,gG2,1,2,8.8
420269,42,269,803,,1,2,10
420270,42,270,803,ԓ1,1,2,0.7
420271,42,271,803,ԓ2,1,2,1.5
420272,42,272,803,Rcl,1,2,1.9
420273,42,273,803,[]ߋTG,2,2,7.1
420274,42,274,803,RG,1,2,1.3
420275,42,275,803,钇G,1,2,2.3
420276,42,276,803,,1,2,1.3
420277,42,277,803,l1,1,2,5.6
420278,42,278,803,l2,1,2,4.5
420279,42,279,803,G1,1,2,3.3
420280,42,280,803,G2,1,2,0.8
420281,42,281,803,G3,1,2,1.2
420282,42,282,803,ꃖY1,1,2,0.6
420283,42,283,803,ꃖY2,1,3,1
420284,42,284,803,nǓG,1,2,0.4
420285,42,285,803,哇1,1,2,0.2
420286,42,286,803,哇2,1,2,0.2
420287,42,287,803,_c,1,2,1.3
420288,42,288,803,ؐGi~Øpj,2,2,3.8
420289,42,289,803,cmY,1,2,5
420290,42,290,804,,1   2,3,3.8
420291,42,291,804,_]1,2,4,10.6
420292,42,292,804,_]2,2,4,5.6
420293,42,293,804,,1,2,2.9
420294,42,294,804,ˏ,1,2,2.5
420295,42,295,804,l2,1,2,12.1
420296,42,296,804,m1,1,2,1.1
420297,42,297,804,m2,1,2,0.8
420298,42,298,803,1,1,3,2.7
420299,42,299,803,3,2,3,11.3
420300,42,300,803,,2,2,13.5
420301,42,301,803,_1,1,1,4.2
420302,42,302,803,gq1,2,3,0
420303,42,303,803,1,2,3,0.8
420304,42,304,803,l,1,3,5.2
420305,42,305,804,痢l,1,2,22.1
420306,42,306,804,`,1,2,1.8
420307,42,307,804,Sq,2,2,13.1
420308,42,308,804,,1,2,0.9
420309,42,309,804,R,1,2,0.3
420310,42,310,804,ȑP,1,2,2.5
420311,42,311,804,x,1,2,0.8
420312,42,312,804,픑1,1,2,2.1
420313,42,313,804,픑2,1,2,1
420314,42,314,804,픑3,1,2,0.3
420315,42,315,804,,2,4,1
420316,42,316,804,PY,2,4,4.2
420317,42,317,804,ONY,1,5,0
420318,42,318,804,,1,5,0
420319,42,319,804,x,1,5,0
420320,42,320,804,쉺,2,4,0.4
420321,42,321,804,劃,2,4,2.3
420322,42,322,804,쒬1,2,4,3.8
420323,42,323,804,쒬2,2,4,3.8
420324,42,324,804,Ίx,1,2,2.9
420325,42,325,804,Dz1,1,2,0.8
420326,42,326,804,Dz2,1,2,0.5
420327,42,327,804,Dz1,1,5,0
420328,42,328,804,Dz2,1,5,0
420329,42,329,804,Dz3,1,5,0
420330,42,330,804,UY1,1,4,10
420331,42,331,804,UY2,1,5,0
420332,42,332,804,Y@1,1,4,0.8
420333,42,333,804,Y@2,1,4,1.5
420334,42,334,804,Y@3,1,4,10
420335,42,335,804,1A2A3,1,2,11.7
420336,42,336,804,Vn,1,4,0.5
420337,42,337,804,mY,1,4,1.7
420338,42,338,804,,1,2,8.8
420339,42,339,805,mm@,1,4,3.5
420340,42,340,805,哇1,1,2,2.7
420341,42,341,805,哇2,1,2,1
420342,42,342,805,c,3,2,0.5
420343,42,343,805,ː1,1,2,3.1
420344,42,344,805,ː2,1,2,8.8
420345,42,345,805,˕t,1,2,1.1
420346,42,346,805,aY1,1,2,3
420347,42,347,805,aY2,1,2,1.4
420348,42,348,805,aY3,1,2,4.4
420349,42,349,805,1,1,2,1.2
420350,42,350,805,2,1,2,0.8
420351,42,351,805,Y,1,4,5
420352,42,352,805,c,1,2,3.3
420353,42,353,805,,1,2,1.1
420354,42,354,805,V,1,2,0.6
420355,42,355,805,,1,2,3.3
420356,42,356,805,䕓,1,2,3.9
420357,42,357,805,1,1,2,10.2
420358,42,358,805,2,1,2,2.7
420359,42,359,805,3,1,2,0.9
420360,42,360,805,4,1,2,0.9
420361,42,361,805,ʍ,1,4,3.8
420362,42,362,805,ȏ@,1,4,1.2
420363,42,363,805,Vv,2,4,0.4
420364,42,364,805,1,1,4,0.2
420365,42,365,804,2,1,4,0.6
420366,42,366,804,mY1,1,4,1.3
420367,42,367,804,mY2,2,4,0.5
420368,42,368,804,mY3,1,4,0.4
420369,42,369,804,mY4,1,4,0.4
420370,42,370,804,S,1,4,0.2
420371,42,371,805,,1,2,1.8
420372,42,372,805,ca`,2,2,14.2
420373,42,373,805,Y1,1,4,6.7
420374,42,374,805,Y2,2,4,2.1
420375,42,375,805,l,1,4,0.7
420376,42,376,804,n,2,4,1.5
420377,42,377,804,,1,2,0.8
420378,42,378,804,F,2,4,10
420379,42,379,804,㏬},1,2,1
420380,42,380,804,Y1,1,2,0.9
420381,42,381,804,Y2,1,4,0.6
420382,42,382,804,c̕,2,4,1.7
420383,42,383,805,ɍmY1,1,2,7.3
420384,42,384,805,ɍmY2,1,2,1.3
420385,42,385,805,l,2,4,0.8
420386,42,386,805,l,2,4,2.9
420387,42,387,805,,2,2,13.1
420388,42,388,805,R1,1,2,2.1
420389,42,389,805,R2,1,2,7.1
420390,42,390,805,o,1,2,0.4
420391,42,391,805,],1,2,2.3
420392,42,392,805,q,1,2,0.8
420393,42,393,805,1,2,3,12.3
420394,42,394,805,2,2,3,4
420395,42,395,805,3,2,3,1.3
420396,42,396,805,4,2,3,1.2
420397,42,397,805,5,2,3,3.2
420398,42,398,805,6,2,3,0.6
420399,42,399,805,r1,1,2,0
420400,42,400,805,r2,1,2,4.8
420401,42,401,805,,1,5,0
420402,42,402,804,|̎q,1,2,1.5
420403,42,403,804,X,2,2,12.5
420404,42,404,804,їǒ,2,2,6.3
420405,42,405,804,Ǝ,1,2,0.6
420406,42,406,804,l,1,2,2.1
420407,42,407,804,_D,1,2,0.7
420408,42,408,804,卲u,1,2,6.9
420409,42,409,804,uXY1,1,2,2.9
420410,42,410,804,uXY3,1,2,6.5
420411,42,411,804,,2,2,1.7
420412,42,412,804,q1,1,2,0.2
420413,42,413,804,,2,2,6.9
420414,42,414,804,{mY1,1,2,2.5
420415,42,415,804,{mY2,1,2,0.5
420416,42,416,804,ؒ1,2,2,5.6
420417,42,417,804,ؒ2,2,2,9.4
420418,42,418,804,m,2,2,4.2
420419,42,419,813,,1,2,0.6
420420,42,420,813,l,1,5,0
420421,42,421,813,l,1,2,11.5
420422,42,422,813,J,2,4,2.7
420423,42,423,813,Y,2,4,3.8
420424,42,424,813,Lm,1,2,2.3
420425,42,425,813,mY,1,2,3.3
420426,42,426,813,䗷,2,2,1.9
420427,42,427,813,,2,2,1.7
420428,42,428,813,VY,2,3,5.8
420429,42,429,813,j{,2,4,0.4
420430,42,430,813,Y,1,2,3.5
420431,42,431,813,_m,1,2,1
420432,42,432,813,]mY,1,2,3
420433,42,433,813,n,1,2,2.9
420434,42,434,813,n,1,2,1.7
420435,42,435,813,K2,1,2,1.9
420436,42,436,813,x,2,2,6.9
420437,42,437,813,cmY,1,1   2,3.1
420438,42,438,813,ω1,2,2,1.1
420439,42,439,813,{2,2,2,0.9
420440,42,440,813,ˊm,1,2,3.3
420441,42,441,813,l,2,2,6.7
420442,42,442,813,ql,1,2,2.1
420443,42,443,813,c,1,2,4.4
420444,42,444,813,l,1,2,2.8
420445,42,445,813,1,2,2,1.5
420446,42,446,813,2,2,2,7.9
420447,42,447,813,ǃl,2,2,8.5
420448,42,448,813,Ő,1,2,5.2
420449,42,449,813,l,1,2,6.7
420450,42,450,813,ڔ,1,2,17.1
420451,42,451,812,j,1,2,1.1
420452,42,452,812,Øa,2,4,0.8
420453,42,453,812,lv{1,2,4,0.9
420454,42,454,812,lv{2,2,4,0.6
420455,42,455,812,Mu,2,4,1.8
420456,42,456,812,1,2,2,2.5
420457,42,457,812,2,2,2,2.9
420458,42,458,812,u,2,2,2.9
420459,42,459,812,zm1,2,4,6.5
420460,42,460,812,zm2,2,4,1.8
420461,42,461,812,l,2,4,3
420462,42,462,812,gcY,2,4,1.5
420463,42,463,812,Ζ,2,2,2
420464,42,464,812,mʕl,2,4,1.1
420465,42,465,812,uY1,2,4,1.5
420466,42,466,812,uY2,2,4,0.9
420467,42,467,812,Y,2,4,0.8
420468,42,468,812,_m,1,2,1.8
420469,42,469,812,,2,2,1.3
420470,42,470,807,m,2,4,13.8
430001,43,1,808,zn,2,2,3.9
430002,43,2,808,,2,2,4.3
430003,43,3,808,zn,2,2,2.5
430004,43,4,806,TY,1,1   2,8.6
430005,43,5,806,TY,1,1   2,3.3
430006,43,6,808,Y,1,2,9.2
430007,43,7,808,CY,1,2,0.9
430008,43,8,808,CY,1,2,8
430009,43,9,808,CY,1,2,1.2
430010,43,10,808,{nYp,1,4,2.6
430011,43,11,808,{,1,1   3   4,2.3
430012,43,12,808,Y,1,3   4,6
430013,43,13,808,Ip,1,1   3,9.5
430014,43,14,808,Ip,1,1   3,23.8
430015,43,15,808,acm@,1,1   2   3,3.3
430016,43,16,808,cY,1,3,17.5
430017,43,17,808,,1,2,7.7
430018,43,18,808,ދv,1,4,142.8
430019,43,19,807,{n`,1,3,14.4
430020,43,20,807,,1,1   2,6.4
430021,43,21,807,Ζ؍,1,1   3,6.2
430022,43,22,808,䗬,1,1   2   3,3.5
430023,43,23,808,VJ,1,4,514.1
430024,43,24,808,,2,2,4.1
430025,43,25,808,,2,2,7.9
430026,43,26,808,,1,3,485.3
430027,43,27,808,,2,4,44.6
430028,43,28,808,,2,3,29.8
430029,43,29,808,`,2,4,7.8
430030,43,30,806,x,1,2   3,52.1
430031,43,31,807,,1,1   2,9.1
430032,43,32,807,T,1,1   2,28.6
430033,43,33,807,ԍ,1,1   2   3,8.7
430034,43,34,807,|,1,1   2   3,14.1
430035,43,35,807,Y,1,1   3,18
430036,43,36,807,,2,1   2   3,13.8
430037,43,37,807,,1,1   2   3,12.7
430038,43,38,807,,1,1   2   3,2.1
430039,43,39,807,򗳓,1,1   3,7.7
430040,43,40,808,,1,1   2   3,9.1
430041,43,41,807,r̐,1,1   2,6.1
430042,43,42,807,iY,1,1   2   3,3.7
430043,43,43,807,VJ,1,1   3,12.3
430044,43,44,808,F@,1,1   3,16.6
430045,43,45,808,A,1,1,11.2
430046,43,46,808,,1,1,2
430047,43,47,808,瑩,1,4,3.9
430048,43,48,808,rؕl,1,3,14.2
430049,43,49,807,],1,1   2,15.1
430050,43,50,808,Nc,1,1   2,9.2
430051,43,51,808,劃,1,1   2,7.8
430052,43,52,808,l,1,1   2,2
430053,43,53,808,`,2,3,13.2
430054,43,54,808,`,2,3,13.6
430055,43,55,808,Oc,1,1,1.7
430056,43,56,808,哇,1,3,22.1
430057,43,57,808,Sz,1,3,100.2
430058,43,58,808,Sz,1,3,133
430059,43,59,808,am,1,3,86.3
430060,43,60,808,am,2,3,7
430061,43,61,808,am,1,3,150.4
430062,43,62,808,,1,3,139.8
430063,43,63,808,,1,3,146.2
430064,43,64,808,,1,3,28.4
430065,43,65,807,zK,1,1   2,19.4
430066,43,66,807,,1,1   2   3,6.8
430067,43,67,807,,1,1   2   4,5.3
430068,43,68,807,,1,2,14.7
430069,43,69,808,lY,1,1   2,3.3
430070,43,70,808,lY,1,3,3.3
430071,43,71,808,S,1,2,20.7
430072,43,72,808,o,1,3,3.5
430073,43,73,808,,1,1,9.3
430074,43,74,808,,1,1,12.5
430075,43,75,808,,1,3,3.1
430076,43,76,808,_̐,1,3,10.2
430077,43,77,807,c,1,2,11
430078,43,78,808,˒y,1,1,2.8
430079,43,79,808,˒y,1,1,44.6
430080,43,80,808,SY,1,2   3,154.2
430081,43,81,808,SY,1,3,1.3
430082,43,82,808,SY,1,3,152.8
430083,43,83,808,x,1,2,20.9
430084,43,84,808,,1,3,64
430085,43,85,808,,1,3,181.2
430086,43,86,808,,2,3,71
430087,43,87,808,,1,3,405.1
430088,43,88,808,s,1,3,17.9
430089,43,89,808,s,1,4,101.9
430090,43,90,808,smΊ,1,3,3.4
430091,43,91,808,smΊ,1,3,4.1
430092,43,92,808,smΊ,1,3,2.5
430093,43,93,807,Ԑ,1,3,8.5
430094,43,94,807,Ԑ,1,1,1.4
430095,43,95,807,l,1,3,898.6
430096,43,96,808,smΊ,1,3,4.4
430097,43,97,808,smΊ,2,4,15.5
430098,43,98,808,,2,4,35.7
430099,43,99,808,,2,4,7.3
430100,43,100,808,D,2,4,105.8
430101,43,101,808,T,2,4,43.6
430102,43,102,808,T,1,4,52.9
430103,43,103,808,T,2,4,5.6
430104,43,104,807,Zg,2,3,155.9
430105,43,105,807,Ԓ,2,3,447.9
430106,43,106,807,w,2,3,364.4
430107,43,107,807,CH,1,3,108.6
430108,43,108,807,CH,1,4,438
430109,43,109,807,w,2,3,74.1
430110,43,110,807,,2,3,49.2
430111,43,111,807,V,1,3,382.8
430112,43,112,807,,2,3,4.8
430113,43,113,807,Vn,2,2,1
430114,43,114,807,Vn,2,2,1.1
430115,43,115,807,Vn,2,2,1
430116,43,116,807,Vn,1,3,409
430117,43,117,807,S,2,4,2.6
430118,43,118,807,S,2,4,8.5
430119,43,119,807,mJ,2,4,1
430120,43,120,807,ߒ,1,4,106.9
430121,43,121,807,,1,4,21.5
430122,43,122,807,l,1,3,135.6
430123,43,123,807,,1,3,167.4
430124,43,124,807,,1,3,188.2
430125,43,125,807,,2,4,3.6
430126,43,126,807,L,2,4,11.1
430127,43,127,807,L,1,3,80.8
430128,43,128,807,,1,4,20.5
430129,43,129,807,s,1,3,15.1
430130,43,130,807,l,2,3,194
430131,43,131,807,,2,3,204.1
430132,43,132,807,,1,4,49.5
430133,43,133,807,,1,3,5.5
430134,43,134,807,r,1,3,1587.4
430135,43,135,807,lR,1,4,62.9
440001,44,1,604,F̖{,1,2,6
440002,44,2,705,,2,2,5.7
440003,44,3,705,,2,2,32.4
440004,44,4,705,,2,2,7.7
440005,44,5,705,_F,2,2,18.8
440006,44,6,704,Vql,2,2,48.9
440007,44,7,704,Vql,2,2,8.1
440008,44,8,704,[],1,1   2,20.7
440009,44,9,704,̉Y,1,1   2,9.3
440010,44,10,704,q,1,1   2,8.1
440011,44,11,704,H,1,2,46.8
440012,44,12,704,,1,1   2,7.1
440013,44,13,704,{,1,2,3.6
440014,44,14,704,Ж,1,2,12.5
440015,44,15,704,Ж,1,2,41.5
440016,44,16,704,kl,1,2,118.7
440017,44,17,704,,1,2,5.3
440018,44,18,704,,1,2,17.5
440019,44,19,704,,1,2,14.8
440020,44,20,704,Zgl,1,2,22.7
440021,44,21,704,_,1,2,42.4
440022,44,22,704,,1,2,10.4
440023,44,23,703,ޑ,1,2,22.3
440024,44,24,703,V,1,2,5.3
440025,44,25,703,쌴,1,2,6.2
440026,44,26,701,,1,2,722.8
440027,44,27,701,Vc,1,1,496.2
440028,44,28,701,l,1,1,124.8
440029,44,29,701,{F,1,2,352.4
440030,44,30,701,a,1,2,109
440031,44,31,701,j,2,2,21.9
440032,44,32,703,j,1,2,39.5
440033,44,33,703,,1,2,18.8
440034,44,34,702,c[,1,2,5.3
440035,44,35,701,,1,1   2,867.4
440036,44,36,702,lc,1,2,30
440037,44,37,702,h,1,2,119.5
440038,44,38,701,j,1,2,12.8
440039,44,39,702,H,1,2,6.4
440040,44,40,702,Xn,1,2,17.2
440041,44,41,702,l,1,2,18.8
440042,44,42,702,]K,1,2,17.5
440043,44,43,702,ޗǌ,1,2,3.4
440044,44,44,702,,1,2,6.6
440045,44,45,702,c,1,2,2.9
440046,44,46,702,c,1,2,4.9
440047,44,47,702,,1,2,3.4
440048,44,48,702,F,1,3,51.7
440049,44,49,702,Í],1,3,47.7
440050,44,50,702,쐼,1,1   2,4.6
440051,44,51,702,T,1,2,3.1
440052,44,52,702,c,1,2,2.2
440053,44,53,702,l,2,3,3.9
440054,44,54,702,_,2,4,2.4
440055,44,55,702,c,1,2,2.2
440056,44,56,702,卂,1,1   2,2.8
440057,44,57,702,卂,1,1   2,7.9
440058,44,58,702,,1,2,6.3
440059,44,59,702,x,1,2,17.9
440060,44,60,702,,1,2,4.6
440061,44,61,702,,1,2,3
440062,44,62,702,C,1,1,1
440063,44,63,702,C,1,1,3.3
440064,44,64,702,P,1,2,14.5
440065,44,65,702,P,1,2,3.1
440066,44,66,702,Y,1,2,1
440067,44,67,702,,1,2,1.4
450001,45,1,604,Y쓌],1,3,0.03
450002,45,2,604,ޏ,1,5,0.02
450003,45,3,604,cn,2,3,13.3
450004,45,4,604,܃͌,2,3,60
450005,45,5,604,c͌,2,5,13.8
450006,45,6,604,l,3,3,14
450007,45,7,604,쓌,1,3,4
450008,45,8,604,͌,2,3,5
450009,45,9,604,ln,1,5,1.5
450010,45,10,604,ې͌,2,1   3,73.4
450011,45,11,604,c͌,2,3,350
450012,45,12,604,@r,3,4,0.4
450013,45,13,604,]c͌,2,3,45
450014,45,14,604,싽͌,2,5,19.7
450015,45,15,604,sؐ͌,2,5,5.8
450016,45,16,811,c,2,3,19
450017,45,17,811,{͌,2,3,12.8
450018,45,18,811,,2,3,2.3
460001,46,1,810,~1,1,3,7.3
460002,46,2,810,~2,1,3,8.2
460003,46,3,810,Z,2,3,4
460004,46,4,810,,1,3,14.7
460005,46,5,810,,1,3,28
460006,46,6,810,,1,3,5.5
460007,46,7,810,,1,3,8.1
460008,46,8,810,l,1,2,12.9
460009,46,9,810,{,2,3,54.4
460010,46,10,810,,2,3,11.4
460011,46,11,810,v,2,3,30.8
460012,46,12,810,e,1,3,6.9
460013,46,13,808,o񓌍H,1,3,108.9
460014,46,14,808,o񐼍H,1,3,120.4
460015,46,15,808,Õl,2,4,12.1
460016,46,16,808,n,2,3,6.3
460017,46,17,808,ӓc,2,3,9.9
460018,46,18,809,e{,1,3,19.4
460019,46,19,809,嗢,2,3,5.2
460020,46,20,809,,1,2,26
460021,46,21,809,,1,2,26.6
460022,46,22,814,FY,1,2,22.2
460023,46,23,830,Ԗؖ,1,2,14
460024,46,24,830,ԕ,1,3,39.5
460025,46,25,830,쐣,1,3,47.8
460026,46,26,830,,2,3,24.2
460027,46,27,830,R,1,3,8.8
470001,47,1,850,,2,3,6
470002,47,2,850,,2,2,7
470003,47,3,850,Ӗ,2,2,10
470004,47,4,850,vu,2,3,17
470005,47,5,850,c,2,4,44
470006,47,6,850,r,2,2,1
470008,47,8,850,CH,1,2,235
470009,47,9,850,CH,1,2,59
470010,47,10,850,CH,1,2,30
470011,47,11,850,ckl,1,2,33
470012,47,12,850,앗Ol,1,4,37
470013,47,13,850,l,1,3,29
470015,47,15,850,A,1,2,8
470016,47,16,850,A,1,2,138
470017,47,17,850,am,2,2,5
470018,47,18,850,v,1,2,14
470019,47,19,850,v,2,3,38
470022,47,22,850,kl,1,2,79.4
470025,47,25,850,l,1,4,16
470027,47,27,850,l,1,2,38
470028,47,28,850,`쐼,1,2,31
470029,47,29,850,nr[,2,2,17
470031,47,31,850,LvK]k,1,2,15
470032,47,32,850,[r[`,1,2,9
470033,47,33,850,Óc,2,2,30
470034,47,34,850,c,2,2,5
470035,47,35,850,x`,2,3,18
470037,47,37,850,^V,2,3,7
470038,47,38,850,ψo,1,2,7
470039,47,39,850,ψo,1,2,8
470040,47,40,850,,1,2,23
470041,47,41,850,`,1,2,17
470042,47,42,850,O_,1,2,28
470043,47,43,850,䕔,2,3,5
470044,47,44,850,,2,2,7
470045,47,45,850,,2,3,8
470047,47,47,850,,2,3,11
470048,47,48,850,,1,2,3
470049,47,49,850,,1,2,11
470050,47,50,850,Ôg,2,3,35
470051,47,51,850,,2,3,22.5
470052,47,52,850,^l,1,2,16
470053,47,53,850,l,1,2,7
470054,47,54,850,Kcl,1,2,9
470055,47,55,850,}KCl,1,2,9.1
470057,47,57,870,떓l,2,2,25
470058,47,58,870,K,1,2,6
470060,47,60,870,^ߔel,1,2,35
470061,47,61,870,l,1,2,70
470062,47,62,870,nVl,2,4,51
470063,47,63,870,萼l,2,2,5
470064,47,64,870,YpX,2,2,3
470065,47,65,870,acVl,1,2,62
470066,47,66,880,͌l,2,2,5
470067,47,67,880,ӔVl,2,2,23
470068,47,68,880,,2,2,19
470069,47,69,880,Ap,3,2,30
470070,47,70,880,P[,1,2,38
470071,47,71,880,}kl,1,2,30
470073,47,73,880,nC,2,2,4
470074,47,74,880,약Ol,1,2,8
470075,47,75,880,sggLV,1,2,23
470076,47,76,880,gOl,1,2,3
470077,47,77,880,Ol,1,2,9
470078,47,78,880,qEb^,2,2,3
470079,47,79,880,ʐ,2,2,2
470080,47,80,880,ɌԐl,2,2,11
470081,47,81,880,vFǐ,2,2,3
470082,47,82,880,DY,2,3,54
470083,47,83,880,i_,2,2,7
470084,47,84,880,P[_,2,2,33
470085,47,85,880,c,2,2,17
470086,47,86,880,Ml,1,2,20
470087,47,87,880,Rz,2,2,101
470088,47,88,880,Íkl,2,2,23
470089,47,89,880,Ì,2,3,157
470090,47,90,880,x,2,3,32
470092,47,92,880,匴,2,3,22
470093,47,93,880,Rp,2,2,25
470094,47,94,880,Ԏp,2,2,12
470095,47,95,880,Ml,2,2,16
470096,47,96,880,tJC,2,2,4
470097,47,97,880,NC,2,3,30
470098,47,98,880,ǐ,2,2,31
470099,47,99,880,Ol,1,2,12
470100,47,100,880,Y,2,2,37
